{"cameraMode":{"drawMode":0,"name":"Shaded","section":"Shading Mode"},"sceneLighting":false,"audioPlay":false,"sceneViewState":{"showFog":true,"showMaterialUpdate":false,"showSkybox":false,"showFlares":true,"showImageEffects":true,"showParticleSystems":true},"in2DMode":false,"pivot":{"x":0.34101176261901858,"y":0.61820387840271,"z":-0.7737526893615723},"rotation":{"x":-0.14530274271965028,"y":0.783218264579773,"z":-0.1994124799966812,"w":-0.5706949234008789},"size":2.5578837394714357,"orthographic":false}